age_group,total_conversions,avg_ltv
18-24,13708,3010849.608459894
25-34,14084,3051627.849730698
35-44,13711,3058406.246017093
45-54,14297,3024084.308627257
55+,14200,3048356.06063448
