gender,total_conversions,avg_ltv
F,9923,3047572.597161047
Female,10083,3081087.9867076953
M,9910,3048645.6253850064
Male,10153,2998946.2043487355
f,9999,3064159.4005474746
m,9974,3041610.667093766
