device,total_conversions,avg_ltv
Desktop,14181,3041216.4276355733
Mobile,13899,3034321.7670497163
Tablet,13939,3039149.555853147
desktop,13918,3050339.5557950917
mobile,14063,3028426.904443167
