weekday,impressions,clicks,conversions,cost_uzs,revenue_uzs,CTR,CR,ROAS
Monday,340284051.0,9475363,997135,7048574537.64,299976133942.05,2.784545138731759,10.523449075249149,42.55841125608467
Tuesday,340799512.0,9505579,988228,7067878295.12,299166513976.18,2.7891997098869084,10.396294639179791,42.32762669141301
Wednesday,345349830.0,9564941,1010268,7038675700.91,300966033726.86,2.7696382534776403,10.56219792678282,42.75890046872729
Thursday,345004733.0,9579312,995207,7101464307.58,298800128231.94,2.776574082535847,10.389128154506293,42.07584735911509
Friday,345542653.0,9518875,995945,6949422601.39,297205140463.2,2.754761219015124,10.46284356081995,42.766882590181524
Saturday,346286725.0,9673856,1019316,7126976900.69,305827244508.83,2.793597126774063,10.536811794593595,42.911215901264015
Sunday,349029349.0,9556902,1000266,7055056116.63,300984638371.39,2.738137072822492,10.466425207666669,42.66226000129419
